{
  "logistic_regression": {
    "accuracy": 0.6659959758551308,
    "cv_f1_mean": 0.6404719672352671,
    "cv_f1_std": 0.042484197486805764
  },
  "random_forest": {
    "accuracy": 0.7645875251509054,
    "cv_f1_mean": 0.719606300699521,
    "cv_f1_std": 0.057596466323371155
  }
}